{"stats":{"minecraft:picked_up":{"minecraft:crafting_table":2,"minecraft:oak_log":5},"minecraft:used":{"minecraft:wooden_axe":3,"minecraft:crafting_table":1},"minecraft:crafted":{"minecraft:crafting_table":1,"minecraft:oak_planks":16,"minecraft:stick":8,"minecraft:wooden_pickaxe":1,"minecraft:wooden_axe":1},"minecraft:mined":{"minecraft:oak_log":6,"minecraft:crafting_table":1},"minecraft:custom":{"minecraft:jump":7,"minecraft:time_since_rest":3169,"minecraft:leave_game":1,"minecraft:crouch_one_cm":127,"minecraft:play_one_minute":3169,"minecraft:sprint_one_cm":713,"minecraft:time_since_death":3169,"minecraft:walk_one_cm":5014,"minecraft:sneak_time":40,"minecraft:interact_with_crafting_table":1,"minecraft:fall_one_cm":1197}},"DataVersion":2230}